{
	"credit": "Made with Blockbench",
	"ambientocclusion": false,
	"texture_size": [64, 64],
	"textures": {
		"4": "blocks/body",
		"5": "blocks/planks_oak",
		"6": "blocks/bed_head_end",
		"side": "blocks/bed_head_side",
		"particle": "blocks/bed_head_top"
	},
	"elements": [
		{
			"from": [0, 3, 0],
			"to": [16, 9, 16],
			"faces": {
				"east": {"uv": [16, 7, 0, 13], "texture": "#side"},
				"south": {"uv": [0, 0, 0, 0], "texture": "#side"},
				"west": {"uv": [0, 7, 16, 13], "texture": "#side"},
				"up": {"uv": [12, 2, 8, 6], "rotation": 180, "texture": "#side"}
			}
		},
		{
			"from": [0, 0, 13],
			"to": [3, 3, 16],
			"faces": {
				"north": {"uv": [0, 13, 3, 16], "texture": "#6"},
				"east": {"uv": [13, 13, 16, 16], "texture": "#6"},
				"south": {"uv": [0, 13, 3, 16], "texture": "#6"},
				"west": {"uv": [13, 13, 16, 16], "texture": "#6"},
				"down": {"uv": [0, 13, 3, 16], "texture": "#6"}
			}
		},
		{
			"from": [13, 0, 13],
			"to": [16, 3, 16],
			"faces": {
				"north": {"uv": [13, 13, 16, 16], "texture": "#6"},
				"east": {"uv": [13, 13, 16, 16], "rotation": 180, "texture": "#6"},
				"south": {"uv": [13, 13, 16, 16], "texture": "#6"},
				"west": {"uv": [0, 13, 3, 16], "texture": "#6"},
				"down": {"uv": [0, 13, 3, 16], "texture": "#6"}
			}
		},
		{
			"from": [0, 9, 0],
			"to": [16, 9, 16],
			"faces": {
				"north": {"uv": [0, 0, 4, 0], "texture": "#particle"},
				"east": {"uv": [0, 0, 4, 0], "texture": "#particle"},
				"south": {"uv": [0, 0, 4, 0], "texture": "#particle"},
				"west": {"uv": [0, 0, 4, 0], "texture": "#particle"},
				"up": {"uv": [0, 0, 16, 16], "rotation": 90, "texture": "#particle"}
			}
		},
		{
			"from": [0, 3, 16],
			"to": [16, 9, 16],
			"faces": {
				"east": {"uv": [15, 4, 16, 16], "texture": "#6"},
				"south": {"uv": [0, 7, 16, 13], "texture": "#6"},
				"west": {"uv": [0, 4, 1, 16], "texture": "#6"},
				"up": {"uv": [0, 0, 16, 1], "texture": "#6"},
				"down": {"uv": [0, 15, 16, 16], "texture": "#6"}
			}
		},
		{
			"from": [0, 3, 0],
			"to": [16, 3, 13],
			"faces": {
				"north": {"uv": [0, 0, 16, 16], "texture": "#5"},
				"east": {"uv": [0, 0, 3.25, 0], "texture": "#5"},
				"south": {"uv": [0, 0, 4, 0], "texture": "#5"},
				"west": {"uv": [0, 0, 3.25, 0], "texture": "#5"},
				"down": {"uv": [0, 2, 14, 15], "texture": "#5"}
			}
		},
		{
			"from": [3, 3, 13],
			"to": [13, 3, 15],
			"faces": {
				"north": {"uv": [0, 0, 2.5, 0], "texture": "#5"},
				"east": {"uv": [0, 0, 0.75, 0], "texture": "#5"},
				"south": {"uv": [0, 0, 2.5, 0], "texture": "#5"},
				"west": {"uv": [0, 0, 0.75, 0], "texture": "#5"},
				"down": {"uv": [3, 3, 13, 5], "texture": "#5"}
			}
		},
		{
			"name": "pillow balls",
			"from": [2, 9, 9],
			"to": [14, 10, 15],
			"faces": {
				"north": {"uv": [9, 2, 10, 14], "rotation": 90, "texture": "#particle"},
				"east": {"uv": [8, 2, 15, 3], "texture": "#particle"},
				"south": {"uv": [14, 2, 15, 14], "rotation": 90, "texture": "#particle"},
				"west": {"uv": [8, 13, 15, 14], "texture": "#particle"},
				"up": {"uv": [9, 2, 15, 14], "rotation": 90, "texture": "#particle"}
			}
		},
		{
			"name": "head",
			"from": [4.5, 9, 2],
			"to": [11.5, 16, 9],
			"faces": {
				"north": {"uv": [4, 12, 8, 16], "texture": "#4"},
				"east": {"uv": [0, 12, 4, 16], "texture": "#4"},
				"south": {"uv": [12, 12, 16, 16], "texture": "#4"},
				"west": {"uv": [8, 12, 12, 16], "texture": "#4"},
				"up": {"uv": [4, 8, 8, 12], "texture": "#4"},
				"down": {"uv": [5.25, 0, 3.5, 1.75], "texture": "#4"}
			}
		},
		{
			"name": "right ear",
			"from": [3.5, 15, 4],
			"to": [5.5, 17, 5],
			"faces": {
				"north": {"uv": [11, 4, 12, 5], "texture": "#4"},
				"east": {"uv": [11.5, 3.25, 11.75, 3.75], "texture": "#4"},
				"south": {"uv": [11, 3.25, 11.5, 3.75], "texture": "#4"},
				"west": {"uv": [11.75, 3.25, 12, 3.75], "texture": "#4"},
				"up": {"uv": [11.5, 3.5, 12, 4], "texture": "#4"},
				"down": {"uv": [11.75, 3.5, 11.25, 3.75], "texture": "#4"}
			}
		},
		{
			"name": "left ear",
			"from": [10.5, 15, 4],
			"to": [12.5, 17, 5],
			"faces": {
				"north": {"uv": [14, 4, 15, 5], "texture": "#4"},
				"east": {"uv": [11.5, 3.75, 11.75, 4.25], "texture": "#4"},
				"south": {"uv": [11, 3.25, 11.5, 3.75], "texture": "#4"},
				"west": {"uv": [11.25, 3.25, 11.5, 3.75], "texture": "#4"},
				"up": {"uv": [11.75, 4.25, 11.25, 4], "texture": "#4"},
				"down": {"uv": [11.75, 3.5, 11.25, 3.75], "texture": "#4"}
			}
		},
		{
			"name": "right leg",
			"from": [4.5, 9, 0],
			"to": [5.9, 10.5, 2],
			"faces": {
				"north": {"uv": [8.5, 12.5, 9, 13.5], "rotation": 90, "texture": "#4"},
				"east": {"uv": [8.25, 12.5, 7.75, 12.75], "texture": "#4"},
				"south": {"uv": [7.75, 13.25, 8, 13.75], "rotation": 270, "texture": "#4"},
				"west": {"uv": [8.25, 13.25, 7.75, 13], "rotation": 180, "texture": "#4"},
				"up": {"uv": [8, 13, 8.75, 13.35], "rotation": 270, "texture": "#4"}
			}
		},
		{
			"name": "left leg",
			"from": [10.1, 9, 0],
			"to": [11.5, 10.5, 2],
			"faces": {
				"north": {"uv": [8.5, 12.5, 9, 13.5], "rotation": 90, "texture": "#4"},
				"east": {"uv": [8.25, 12.5, 7.75, 12.75], "texture": "#4"},
				"south": {"uv": [7.75, 13.25, 8, 13.75], "rotation": 270, "texture": "#4"},
				"west": {"uv": [8.25, 13.25, 7.75, 13], "rotation": 180, "texture": "#4"},
				"up": {"uv": [8, 13, 8.75, 13.35], "rotation": 270, "texture": "#4"}
			}
		},
		{
			"from": [3.5, 11.6, 4.6],
			"to": [4.7, 13, 6.4],
			"faces": {
				"north": {"uv": [7.5, 15, 7.75, 15.25], "texture": "#4"},
				"east": {"uv": [8, 15.5, 8.25, 15.75], "texture": "#4"},
				"south": {"uv": [7.5, 14.5, 7.75, 14.75], "texture": "#4"},
				"west": {"uv": [8, 15, 8.25, 15.25], "texture": "#4"},
				"up": {"uv": [7.5, 15, 7.75, 15.25], "texture": "#4"},
				"down": {"uv": [8, 15, 8.25, 15.25], "texture": "#4"}
			}
		},
		{
			"from": [11.5, 11.6, 4.6],
			"to": [12.7, 13, 6.4],
			"faces": {
				"north": {"uv": [7.5, 15, 7.75, 15.25], "texture": "#4"},
				"east": {"uv": [8, 15.5, 8.25, 15.75], "texture": "#4"},
				"south": {"uv": [7.5, 14.5, 7.75, 14.75], "texture": "#4"},
				"west": {"uv": [8, 15, 8.25, 15.25], "texture": "#4"},
				"up": {"uv": [7.5, 15, 7.75, 15.25], "texture": "#4"},
				"down": {"uv": [8, 15, 8.25, 15.25], "texture": "#4"}
			}
		}
	],
	"groups": [
		{
			"name": "bed_head",
			"origin": [8, 8, 8],
			"color": 0,
			"children": [
				{
					"name": "head",
					"origin": [0, 0, 0],
					"color": 0,
					"children": []
				}
			]
		},
		0,
		1,
		2,
		3,
		4,
		5,
		6,
		7,
		{
			"name": "head",
			"origin": [0, 14, -16],
			"color": 0,
			"children": [8, 9, 10, 11, 12, 13, 14]
		}
	]
}