{
	"credit": "Made with Blockbench",
	"textures": {
		"1": "blocks/bed_feet_side",
		"2": "blocks/bed_feet_top",
		"3": "blocks/bed_head_end",
		"4": "blocks/bed_head_side",
		"5": "blocks/bed_head_top",
		"6": "blocks/planks_oak",
		"7": "blocks/bed_feet_end",
		"particle": "blocks/bed_feet_side"
	},
	"elements": [
		{
			"name": "bed_head",
			"from": [0, 3, 8],
			"to": [16, 9, 24],
			"rotation": {"angle": 0, "axis": "y", "origin": [8, 16, 8]},
			"faces": {
				"east": {"uv": [0, 13, 16, 7], "rotation": 180, "texture": "#4"},
				"south": {"uv": [0, 7, 16, 13], "texture": "#3"},
				"west": {"uv": [16, 13, 0, 7], "rotation": 180, "texture": "#4"},
				"up": {"uv": [0, 0, 16, 16], "rotation": 90, "texture": "#5"},
				"down": {"uv": [0, 0, 16, 16], "texture": "#6"}
			}
		},
		{
			"name": "bed_feet",
			"from": [0, 3, -8],
			"to": [16, 9, 8],
			"rotation": {"angle": 0, "axis": "y", "origin": [8, 16, 8]},
			"faces": {
				"north": {"uv": [0, 7, 16, 13], "texture": "#7"},
				"east": {"uv": [0, 13, 16, 7], "rotation": 180, "texture": "#1"},
				"west": {"uv": [16, 13, 0, 7], "rotation": 180, "texture": "#1"},
				"up": {"uv": [0, 0, 16, 16], "rotation": 90, "texture": "#2"},
				"down": {"uv": [0, 0, 16, 16], "texture": "#6"}
			}
		},
		{
			"name": "leg_1",
			"from": [13, 0, -8],
			"to": [16, 3, -5],
			"rotation": {"angle": 0, "axis": "y", "origin": [8, 16, 8]},
			"faces": {
				"north": {"uv": [0, 13, 3, 16], "texture": "#3"},
				"east": {"uv": [13, 13, 16, 16], "texture": "#4"},
				"south": {"uv": [13, 13, 16, 16], "texture": "#4"},
				"west": {"uv": [13, 13, 16, 16], "texture": "#4"},
				"up": {"uv": [13.25, 0, 14, 0.75], "rotation": 180, "texture": "#4"},
				"down": {"uv": [13, 13, 16, 16], "rotation": 180, "texture": "#4"}
			}
		},
		{
			"name": "leg_2",
			"from": [13, 0, 21],
			"to": [16, 3, 24],
			"rotation": {"angle": 0, "axis": "y", "origin": [8, 16, 8]},
			"faces": {
				"north": {"uv": [13, 13, 16, 16], "texture": "#4"},
				"east": {"uv": [13, 13, 16, 16], "texture": "#4"},
				"south": {"uv": [0, 13, 3, 16], "texture": "#3"},
				"west": {"uv": [13, 13, 16, 16], "texture": "#4"},
				"up": {"uv": [13.25, 1.5, 14, 2.25], "rotation": 90, "texture": "#4"},
				"down": {"uv": [13, 13, 16, 16], "rotation": 90, "texture": "#4"}
			}
		},
		{
			"name": "leg_3",
			"from": [0, 0, -8],
			"to": [3, 3, -5],
			"rotation": {"angle": 0, "axis": "y", "origin": [8, 16, 8]},
			"faces": {
				"north": {"uv": [13, 13, 16, 16], "texture": "#4"},
				"east": {"uv": [13, 13, 16, 16], "texture": "#4"},
				"south": {"uv": [13, 13, 16, 16], "texture": "#4"},
				"west": {"uv": [13, 13, 16, 16], "texture": "#4"},
				"up": {"uv": [13.25, 3, 14, 3.75], "rotation": 270, "texture": "#4"},
				"down": {"uv": [13, 13, 16, 16], "rotation": 270, "texture": "#4"}
			}
		},
		{
			"name": "leg_4",
			"from": [0, 0, 21],
			"to": [3, 3, 24],
			"rotation": {"angle": 0, "axis": "y", "origin": [8, 16, 8]},
			"faces": {
				"north": {"uv": [13, 13, 16, 16], "texture": "#4"},
				"east": {"uv": [13, 13, 16, 16], "texture": "#4"},
				"south": {"uv": [0, 13, 3, 16], "texture": "#3"},
				"west": {"uv": [13, 13, 16, 16], "texture": "#4"},
				"up": {"uv": [13.25, 4.5, 14, 5.25], "texture": "#4"},
				"down": {"uv": [13, 13, 16, 16], "texture": "#4"}
			}
		}
	]
}